phrase,list
a,Dolch Pre-Primer
and,Dolch Pre-Primer
away,Dolch Pre-Primer
big,Dolch Pre-Primer
blue,Dolch Pre-Primer
can,Dolch Pre-Primer
come,Dolch Pre-Primer
down,Dolch Pre-Primer
find,Dolch Pre-Primer
for,Dolch Pre-Primer
funny,Dolch Pre-Primer
go,Dolch Pre-Primer
help,Dolch Pre-Primer
here,Dolch Pre-Primer
I,Dolch Pre-Primer
in,Dolch Pre-Primer
is,Dolch Pre-Primer
it,Dolch Pre-Primer
jump,Dolch Pre-Primer
little,Dolch Pre-Primer
look,Dolch Pre-Primer
make,Dolch Pre-Primer
me,Dolch Pre-Primer
my,Dolch Pre-Primer
not,Dolch Pre-Primer
one,Dolch Pre-Primer
play,Dolch Pre-Primer
red,Dolch Pre-Primer
run,Dolch Pre-Primer
said,Dolch Pre-Primer
see,Dolch Pre-Primer
the,Dolch Pre-Primer
three,Dolch Pre-Primer
to,Dolch Pre-Primer
two,Dolch Pre-Primer
up,Dolch Pre-Primer
we,Dolch Pre-Primer
where,Dolch Pre-Primer
yellow,Dolch Pre-Primer
you,Dolch Pre-Primer
all,Dolch Primer
am,Dolch Primer
are,Dolch Primer
at,Dolch Primer
ate,Dolch Primer
be,Dolch Primer
black,Dolch Primer
brown,Dolch Primer
but,Dolch Primer
came,Dolch Primer
did,Dolch Primer
do,Dolch Primer
eat,Dolch Primer
four,Dolch Primer
get,Dolch Primer
good,Dolch Primer
have,Dolch Primer
he,Dolch Primer
into,Dolch Primer
like,Dolch Primer
must,Dolch Primer
new,Dolch Primer
no,Dolch Primer
now,Dolch Primer
on,Dolch Primer
our,Dolch Primer
out,Dolch Primer
please,Dolch Primer
pretty,Dolch Primer
ran,Dolch Primer
ride,Dolch Primer
saw,Dolch Primer
say,Dolch Primer
she,Dolch Primer
so,Dolch Primer
soon,Dolch Primer
that,Dolch Primer
there,Dolch Primer
they,Dolch Primer
this,Dolch Primer
too,Dolch Primer
under,Dolch Primer
want,Dolch Primer
was,Dolch Primer
well,Dolch Primer
went,Dolch Primer
what,Dolch Primer
white,Dolch Primer
who,Dolch Primer
will,Dolch Primer
with,Dolch Primer
yes,Dolch Primer
after,Dolch First Grade
again,Dolch First Grade
an,Dolch First Grade
any,Dolch First Grade
as,Dolch First Grade
ask,Dolch First Grade
by,Dolch First Grade
could,Dolch First Grade
every,Dolch First Grade
fly,Dolch First Grade
from,Dolch First Grade
give,Dolch First Grade
going,Dolch First Grade
had,Dolch First Grade
has,Dolch First Grade
her,Dolch First Grade
him,Dolch First Grade
his,Dolch First Grade
how,Dolch First Grade
just,Dolch First Grade
know,Dolch First Grade
let,Dolch First Grade
live,Dolch First Grade
may,Dolch First Grade
of,Dolch First Grade
old,Dolch First Grade
once,Dolch First Grade
open,Dolch First Grade
over,Dolch First Grade
put,Dolch First Grade
round,Dolch First Grade
some,Dolch First Grade
stop,Dolch First Grade
take,Dolch First Grade
thank,Dolch First Grade
them,Dolch First Grade
then,Dolch First Grade
think,Dolch First Grade
walk,Dolch First Grade
were,Dolch First Grade
when,Dolch First Grade
always,Dolch Second Grade
around,Dolch Second Grade
because,Dolch Second Grade
been,Dolch Second Grade
before,Dolch Second Grade
best,Dolch Second Grade
both,Dolch Second Grade
buy,Dolch Second Grade
call,Dolch Second Grade
cold,Dolch Second Grade
does,Dolch Second Grade
don't,Dolch Second Grade
fast,Dolch Second Grade
first,Dolch Second Grade
five,Dolch Second Grade
found,Dolch Second Grade
gave,Dolch Second Grade
goes,Dolch Second Grade
green,Dolch Second Grade
its,Dolch Second Grade
made,Dolch Second Grade
many,Dolch Second Grade
off,Dolch Second Grade
or,Dolch Second Grade
pull,Dolch Second Grade
read,Dolch Second Grade
right,Dolch Second Grade
sing,Dolch Second Grade
sit,Dolch Second Grade
sleep,Dolch Second Grade
tell,Dolch Second Grade
their,Dolch Second Grade
these,Dolch Second Grade
those,Dolch Second Grade
upon,Dolch Second Grade
us,Dolch Second Grade
use,Dolch Second Grade
very,Dolch Second Grade
wash,Dolch Second Grade
which,Dolch Second Grade
why,Dolch Second Grade
wish,Dolch Second Grade
work,Dolch Second Grade
would,Dolch Second Grade
write,Dolch Second Grade
your,Dolch Second Grade
about,Dolch Third Grade
better,Dolch Third Grade
bring,Dolch Third Grade
carry,Dolch Third Grade
clean,Dolch Third Grade
cut,Dolch Third Grade
done,Dolch Third Grade
draw,Dolch Third Grade
drink,Dolch Third Grade
eight,Dolch Third Grade
fall,Dolch Third Grade
far,Dolch Third Grade
full,Dolch Third Grade
got,Dolch Third Grade
grow,Dolch Third Grade
hold,Dolch Third Grade
hot,Dolch Third Grade
hurt,Dolch Third Grade
if,Dolch Third Grade
keep,Dolch Third Grade
kind,Dolch Third Grade
laugh,Dolch Third Grade
light,Dolch Third Grade
long,Dolch Third Grade
much,Dolch Third Grade
myself,Dolch Third Grade
never,Dolch Third Grade
only,Dolch Third Grade
own,Dolch Third Grade
pick,Dolch Third Grade
seven,Dolch Third Grade
shall,Dolch Third Grade
show,Dolch Third Grade
six,Dolch Third Grade
small,Dolch Third Grade
start,Dolch Third Grade
ten,Dolch Third Grade
today,Dolch Third Grade
together,Dolch Third Grade
try,Dolch Third Grade
warm,Dolch Third Grade
a,Fry (1-100)
about,Fry (1-100)
all,Fry (1-100)
an,Fry (1-100)
and,Fry (1-100)
are,Fry (1-100)
as,Fry (1-100)
at,Fry (1-100)
be,Fry (1-100)
been,Fry (1-100)
but,Fry (1-100)
by,Fry (1-100)
called,Fry (1-100)
can,Fry (1-100)
come,Fry (1-100)
could,Fry (1-100)
day,Fry (1-100)
did,Fry (1-100)
do,Fry (1-100)
down,Fry (1-100)
each,Fry (1-100)
find,Fry (1-100)
first,Fry (1-100)
for,Fry (1-100)
from,Fry (1-100)
get,Fry (1-100)
go,Fry (1-100)
had,Fry (1-100)
has,Fry (1-100)
have,Fry (1-100)
he,Fry (1-100)
her,Fry (1-100)
him,Fry (1-100)
his,Fry (1-100)
how,Fry (1-100)
I,Fry (1-100)
if,Fry (1-100)
in,Fry (1-100)
into,Fry (1-100)
is,Fry (1-100)
it,Fry (1-100)
like,Fry (1-100)
long,Fry (1-100)
look,Fry (1-100)
made,Fry (1-100)
make,Fry (1-100)
many,Fry (1-100)
may,Fry (1-100)
more,Fry (1-100)
my,Fry (1-100)
no,Fry (1-100)
not,Fry (1-100)
now,Fry (1-100)
number,Fry (1-100)
of,Fry (1-100)
oil,Fry (1-100)
on,Fry (1-100)
one,Fry (1-100)
or,Fry (1-100)
other,Fry (1-100)
out,Fry (1-100)
part,Fry (1-100)
people,Fry (1-100)
said,Fry (1-100)
see,Fry (1-100)
she,Fry (1-100)
sit,Fry (1-100)
so,Fry (1-100)
some,Fry (1-100)
than,Fry (1-100)
that,Fry (1-100)
the,Fry (1-100)
their,Fry (1-100)
them,Fry (1-100)
then,Fry (1-100)
there,Fry (1-100)
these,Fry (1-100)
they,Fry (1-100)
this,Fry (1-100)
time,Fry (1-100)
to,Fry (1-100)
two,Fry (1-100)
up,Fry (1-100)
use,Fry (1-100)
was,Fry (1-100)
water,Fry (1-100)
way,Fry (1-100)
we,Fry (1-100)
were,Fry (1-100)
what,Fry (1-100)
when,Fry (1-100)
which,Fry (1-100)
who,Fry (1-100)
will,Fry (1-100)
with,Fry (1-100)
words,Fry (1-100)
would,Fry (1-100)
write,Fry (1-100)
you,Fry (1-100)
your,Fry (1-100)
after,Fry (101-200)
again,Fry (101-200)
air,Fry (101-200)
also,Fry (101-200)
America,Fry (101-200)
animal,Fry (101-200)
another,Fry (101-200)
answer,Fry (101-200)
any,Fry (101-200)
around,Fry (101-200)
ask,Fry (101-200)
away,Fry (101-200)
back,Fry (101-200)
because,Fry (101-200)
before,Fry (101-200)
big,Fry (101-200)
boy,Fry (101-200)
came,Fry (101-200)
change,Fry (101-200)
different,Fry (101-200)
does,Fry (101-200)
end,Fry (101-200)
even,Fry (101-200)
follow,Fry (101-200)
form,Fry (101-200)
found,Fry (101-200)
give,Fry (101-200)
good,Fry (101-200)
great,Fry (101-200)
hand,Fry (101-200)
help,Fry (101-200)
here,Fry (101-200)
home,Fry (101-200)
house,Fry (101-200)
just,Fry (101-200)
kind,Fry (101-200)
know,Fry (101-200)
land,Fry (101-200)
large,Fry (101-200)
learn,Fry (101-200)
letter,Fry (101-200)
line,Fry (101-200)
little,Fry (101-200)
live,Fry (101-200)
man,Fry (101-200)
me,Fry (101-200)
means,Fry (101-200)
men,Fry (101-200)
most,Fry (101-200)
mother,Fry (101-200)
move,Fry (101-200)
much,Fry (101-200)
must,Fry (101-200)
name,Fry (101-200)
need,Fry (101-200)
new,Fry (101-200)
off,Fry (101-200)
old,Fry (101-200)
only,Fry (101-200)
our,Fry (101-200)
over,Fry (101-200)
page,Fry (101-200)
picture,Fry (101-200)
place,Fry (101-200)
play,Fry (101-200)
point,Fry (101-200)
put,Fry (101-200)
read,Fry (101-200)
right,Fry (101-200)
same,Fry (101-200)
say,Fry (101-200)
sentence,Fry (101-200)
set,Fry (101-200)
should,Fry (101-200)
show,Fry (101-200)
small,Fry (101-200)
sound,Fry (101-200)
spell,Fry (101-200)
still,Fry (101-200)
study,Fry (101-200)
such,Fry (101-200)
take,Fry (101-200)
tell,Fry (101-200)
things,Fry (101-200)
think,Fry (101-200)
three,Fry (101-200)
through,Fry (101-200)
too,Fry (101-200)
try,Fry (101-200)
turn,Fry (101-200)
us,Fry (101-200)
very,Fry (101-200)
want,Fry (101-200)
well,Fry (101-200)
went,Fry (101-200)
where,Fry (101-200)
why,Fry (101-200)
work,Fry (101-200)
world,Fry (101-200)
years,Fry (101-200)
above,Fry (201-300)
add,Fry (201-300)
almost,Fry (201-300)
along,Fry (201-300)
always,Fry (201-300)
began,Fry (201-300)
begin,Fry (201-300)
being,Fry (201-300)
below,Fry (201-300)
between,Fry (201-300)
book,Fry (201-300)
both,Fry (201-300)
car,Fry (201-300)
carry,Fry (201-300)
children,Fry (201-300)
city,Fry (201-300)
close,Fry (201-300)
country,Fry (201-300)
cut,Fry (201-300)
don’t,Fry (201-300)
earth,Fry (201-300)
eat,Fry (201-300)
enough,Fry (201-300)
every,Fry (201-300)
example,Fry (201-300)
eyes,Fry (201-300)
face,Fry (201-300)
family,Fry (201-300)
far,Fry (201-300)
father,Fry (201-300)
feet,Fry (201-300)
few,Fry (201-300)
food,Fry (201-300)
four,Fry (201-300)
girl,Fry (201-300)
got,Fry (201-300)
group,Fry (201-300)
grow,Fry (201-300)
hard,Fry (201-300)
head,Fry (201-300)
hear,Fry (201-300)
high,Fry (201-300)
idea,Fry (201-300)
important,Fry (201-300)
Indian,Fry (201-300)
it’s,Fry (201-300)
keep,Fry (201-300)
last,Fry (201-300)
late,Fry (201-300)
leave,Fry (201-300)
left,Fry (201-300)
let,Fry (201-300)
life,Fry (201-300)
light,Fry (201-300)
list,Fry (201-300)
might,Fry (201-300)
mile,Fry (201-300)
miss,Fry (201-300)
mountains,Fry (201-300)
near,Fry (201-300)
never,Fry (201-300)
next,Fry (201-300)
night,Fry (201-300)
often,Fry (201-300)
once,Fry (201-300)
open,Fry (201-300)
own,Fry (201-300)
paper,Fry (201-300)
plant,Fry (201-300)
real,Fry (201-300)
river,Fry (201-300)
run,Fry (201-300)
saw,Fry (201-300)
school,Fry (201-300)
sea,Fry (201-300)
second,Fry (201-300)
seem,Fry (201-300)
side,Fry (201-300)
something,Fry (201-300)
sometimes,Fry (201-300)
song,Fry (201-300)
soon,Fry (201-300)
start,Fry (201-300)
state,Fry (201-300)
stop,Fry (201-300)
story,Fry (201-300)
talk,Fry (201-300)
those,Fry (201-300)
thought,Fry (201-300)
together,Fry (201-300)
took,Fry (201-300)
tree,Fry (201-300)
under,Fry (201-300)
until,Fry (201-300)
walk,Fry (201-300)
watch,Fry (201-300)
while,Fry (201-300)
white,Fry (201-300)
without,Fry (201-300)
young,Fry (201-300)
across,Fry (301-400)
against,Fry (301-400)
area,Fry (301-400)
become,Fry (301-400)
best,Fry (301-400)
better,Fry (301-400)
birds,Fry (301-400)
black,Fry (301-400)
body,Fry (301-400)
certain,Fry (301-400)
cold,Fry (301-400)
color,Fry (301-400)
complete,Fry (301-400)
covered,Fry (301-400)
cried,Fry (301-400)
didn’t,Fry (301-400)
dog,Fry (301-400)
door,Fry (301-400)
draw,Fry (301-400)
during,Fry (301-400)
early,Fry (301-400)
easy,Fry (301-400)
ever,Fry (301-400)
fall,Fry (301-400)
farm,Fry (301-400)
fast,Fry (301-400)
field,Fry (301-400)
figure,Fry (301-400)
fire,Fry (301-400)
fish,Fry (301-400)
five,Fry (301-400)
friends,Fry (301-400)
ground,Fry (301-400)
happened,Fry (301-400)
heard,Fry (301-400)
himself,Fry (301-400)
hold,Fry (301-400)
horse,Fry (301-400)
hours,Fry (301-400)
however,Fry (301-400)
hundred,Fry (301-400)
I’ll,Fry (301-400)
king,Fry (301-400)
knew,Fry (301-400)
listen,Fry (301-400)
low,Fry (301-400)
map,Fry (301-400)
mark,Fry (301-400)
measure,Fry (301-400)
money,Fry (301-400)
morning,Fry (301-400)
music,Fry (301-400)
north,Fry (301-400)
notice,Fry (301-400)
numeral,Fry (301-400)
order,Fry (301-400)
passed,Fry (301-400)
pattern,Fry (301-400)
piece,Fry (301-400)
plan,Fry (301-400)
problem,Fry (301-400)
products,Fry (301-400)
pulled,Fry (301-400)
questions,Fry (301-400)
reached,Fry (301-400)
red,Fry (301-400)
remember,Fry (301-400)
rock,Fry (301-400)
room,Fry (301-400)
seen,Fry (301-400)
several,Fry (301-400)
ship,Fry (301-400)
short,Fry (301-400)
since,Fry (301-400)
sing,Fry (301-400)
slowly,Fry (301-400)
south,Fry (301-400)
space,Fry (301-400)
stand,Fry (301-400)
step,Fry (301-400)
sun,Fry (301-400)
sure,Fry (301-400)
table,Fry (301-400)
today,Fry (301-400)
told,Fry (301-400)
top,Fry (301-400)
toward,Fry (301-400)
town,Fry (301-400)
travel,Fry (301-400)
TRUE,Fry (301-400)
unit,Fry (301-400)
upon,Fry (301-400)
usually,Fry (301-400)
voice,Fry (301-400)
vowel,Fry (301-400)
war,Fry (301-400)
waves,Fry (301-400)
whole,Fry (301-400)
wind,Fry (301-400)
wood,Fry (301-400)
able,Fry (401-500)
ago,Fry (401-500)
am,Fry (401-500)
among,Fry (401-500)
ball,Fry (401-500)
base,Fry (401-500)
became,Fry (401-500)
behind,Fry (401-500)
boat,Fry (401-500)
box,Fry (401-500)
bring,Fry (401-500)
brought,Fry (401-500)
building,Fry (401-500)
built,Fry (401-500)
cannot,Fry (401-500)
carefully,Fry (401-500)
check,Fry (401-500)
circle,Fry (401-500)
class,Fry (401-500)
clear,Fry (401-500)
common,Fry (401-500)
contain,Fry (401-500)
correct,Fry (401-500)
course,Fry (401-500)
dark,Fry (401-500)
decided,Fry (401-500)
deep,Fry (401-500)
done,Fry (401-500)
dry,Fry (401-500)
English,Fry (401-500)
equation,Fry (401-500)
explain,Fry (401-500)
fact,Fry (401-500)
feel,Fry (401-500)
filled,Fry (401-500)
finally,Fry (401-500)
fine,Fry (401-500)
fly,Fry (401-500)
force,Fry (401-500)
front,Fry (401-500)
full,Fry (401-500)
game,Fry (401-500)
gave,Fry (401-500)
government,Fry (401-500)
green,Fry (401-500)
half,Fry (401-500)
heat,Fry (401-500)
heavy,Fry (401-500)
hot,Fry (401-500)
inches,Fry (401-500)
include,Fry (401-500)
inside,Fry (401-500)
island,Fry (401-500)
known,Fry (401-500)
language,Fry (401-500)
less,Fry (401-500)
machine,Fry (401-500)
material,Fry (401-500)
minutes,Fry (401-500)
note,Fry (401-500)
nothing,Fry (401-500)
noun,Fry (401-500)
object,Fry (401-500)
ocean,Fry (401-500)
oh,Fry (401-500)
pair,Fry (401-500)
person,Fry (401-500)
plane,Fry (401-500)
power,Fry (401-500)
produce,Fry (401-500)
quickly,Fry (401-500)
ran,Fry (401-500)
rest,Fry (401-500)
road,Fry (401-500)
round,Fry (401-500)
rule,Fry (401-500)
scientists,Fry (401-500)
shape,Fry (401-500)
shown,Fry (401-500)
six,Fry (401-500)
size,Fry (401-500)
special,Fry (401-500)
stars,Fry (401-500)
stay,Fry (401-500)
stood,Fry (401-500)
street,Fry (401-500)
strong,Fry (401-500)
surface,Fry (401-500)
system,Fry (401-500)
ten,Fry (401-500)
though,Fry (401-500)
thousands,Fry (401-500)
understand,Fry (401-500)
verb,Fry (401-500)
wait,Fry (401-500)
warm,Fry (401-500)
week,Fry (401-500)
wheels,Fry (401-500)
yes,Fry (401-500)
yet,Fry (401-500)
anything,Fry (501-600)
arms,Fry (501-600)
beautiful,Fry (501-600)
believe,Fry (501-600)
beside,Fry (501-600)
bill,Fry (501-600)
blue,Fry (501-600)
brother,Fry (501-600)
can’t,Fry (501-600)
cause,Fry (501-600)
cells,Fry (501-600)
center,Fry (501-600)
clothes,Fry (501-600)
dance,Fry (501-600)
describe,Fry (501-600)
developed,Fry (501-600)
difference,Fry (501-600)
direction,Fry (501-600)
discovered,Fry (501-600)
distance,Fry (501-600)
divided,Fry (501-600)
drive,Fry (501-600)
drop,Fry (501-600)
edge,Fry (501-600)
eggs,Fry (501-600)
energy,Fry (501-600)
Europe,Fry (501-600)
exercise,Fry (501-600)
farmers,Fry (501-600)
felt,Fry (501-600)
finished,Fry (501-600)
flowers,Fry (501-600)
forest,Fry (501-600)
general,Fry (501-600)
gone,Fry (501-600)
grass,Fry (501-600)
happy,Fry (501-600)
heart,Fry (501-600)
held,Fry (501-600)
instruments,Fry (501-600)
interest,Fry (501-600)
job,Fry (501-600)
kept,Fry (501-600)
lay,Fry (501-600)
legs,Fry (501-600)
length,Fry (501-600)
love,Fry (501-600)
main,Fry (501-600)
matter,Fry (501-600)
meet,Fry (501-600)
members,Fry (501-600)
million,Fry (501-600)
mind,Fry (501-600)
months,Fry (501-600)
moon,Fry (501-600)
paint,Fry (501-600)
paragraph,Fry (501-600)
past,Fry (501-600)
perhaps,Fry (501-600)
picked,Fry (501-600)
present,Fry (501-600)
probably,Fry (501-600)
race,Fry (501-600)
rain,Fry (501-600)
raised,Fry (501-600)
ready,Fry (501-600)
reason,Fry (501-600)
record,Fry (501-600)
region,Fry (501-600)
represent,Fry (501-600)
return,Fry (501-600)
root,Fry (501-600)
sat,Fry (501-600)
shall,Fry (501-600)
sign,Fry (501-600)
simple,Fry (501-600)
site,Fry (501-600)
sky,Fry (501-600)
soft,Fry (501-600)
square,Fry (501-600)
store,Fry (501-600)
subject,Fry (501-600)
suddenly,Fry (501-600)
sum,Fry (501-600)
summer,Fry (501-600)
syllables,Fry (501-600)
teacher,Fry (501-600)
test,Fry (501-600)
third,Fry (501-600)
train,Fry (501-600)
wall,Fry (501-600)
weather,Fry (501-600)
west,Fry (501-600)
whether,Fry (501-600)
wide,Fry (501-600)
wild,Fry (501-600)
window,Fry (501-600)
winter,Fry (501-600)
wish,Fry (501-600)
written,Fry (501-600)
act,Fry (601-700)
Africa,Fry (601-700)
age,Fry (601-700)
already,Fry (601-700)
although,Fry (601-700)
amount,Fry (601-700)
angle,Fry (601-700)
appear,Fry (601-700)
baby,Fry (601-700)
bear,Fry (601-700)
beat,Fry (601-700)
bed,Fry (601-700)
bottom,Fry (601-700)
bright,Fry (601-700)
broken,Fry (601-700)
build,Fry (601-700)
buy,Fry (601-700)
care,Fry (601-700)
case,Fry (601-700)
cat,Fry (601-700)
century,Fry (601-700)
consonant,Fry (601-700)
copy,Fry (601-700)
couldn’t,Fry (601-700)
count,Fry (601-700)
cross,Fry (601-700)
dictionary,Fry (601-700)
died,Fry (601-700)
dress,Fry (601-700)
either,Fry (601-700)
everyone,Fry (601-700)
everything,Fry (601-700)
exactly,Fry (601-700)
factors,Fry (601-700)
fight,Fry (601-700)
fingers,Fry (601-700)
floor,Fry (601-700)
fraction,Fry (601-700)
free,Fry (601-700)
French,Fry (601-700)
gold,Fry (601-700)
hair,Fry (601-700)
hill,Fry (601-700)
hole,Fry (601-700)
hope,Fry (601-700)
ice,Fry (601-700)
instead,Fry (601-700)
iron,Fry (601-700)
jumped,Fry (601-700)
killed,Fry (601-700)
lake,Fry (601-700)
laughed,Fry (601-700)
lead,Fry (601-700)
let’s,Fry (601-700)
lot,Fry (601-700)
melody,Fry (601-700)
metal,Fry (601-700)
method,Fry (601-700)
middle,Fry (601-700)
milk,Fry (601-700)
moment,Fry (601-700)
nation,Fry (601-700)
natural,Fry (601-700)
outside,Fry (601-700)
per,Fry (601-700)
phrase,Fry (601-700)
poor,Fry (601-700)
possible,Fry (601-700)
pounds,Fry (601-700)
pushed,Fry (601-700)
quiet,Fry (601-700)
quite,Fry (601-700)
remain,Fry (601-700)
result,Fry (601-700)
ride,Fry (601-700)
rolled,Fry (601-700)
sail,Fry (601-700)
scale,Fry (601-700)
section,Fry (601-700)
sleep,Fry (601-700)
smiled,Fry (601-700)
snow,Fry (601-700)
soil,Fry (601-700)
solve,Fry (601-700)
someone,Fry (601-700)
son,Fry (601-700)
speak,Fry (601-700)
speed,Fry (601-700)
spring,Fry (601-700)
stone,Fry (601-700)
surprise,Fry (601-700)
tall,Fry (601-700)
temperature,Fry (601-700)
themselves,Fry (601-700)
tiny,Fry (601-700)
trip,Fry (601-700)
type,Fry (601-700)
village,Fry (601-700)
within,Fry (601-700)
wonder,Fry (601-700)
alone,Fry (701-800)
art,Fry (701-800)
bad,Fry (701-800)
bank,Fry (701-800)
bit,Fry (701-800)
break,Fry (701-800)
brown,Fry (701-800)
burning,Fry (701-800)
business,Fry (701-800)
captain,Fry (701-800)
catch,Fry (701-800)
caught,Fry (701-800)
cents,Fry (701-800)
child,Fry (701-800)
choose,Fry (701-800)
clean,Fry (701-800)
climbed,Fry (701-800)
cloud,Fry (701-800)
coast,Fry (701-800)
continued,Fry (701-800)
control,Fry (701-800)
cool,Fry (701-800)
cost,Fry (701-800)
decimal,Fry (701-800)
desert,Fry (701-800)
design,Fry (701-800)
direct,Fry (701-800)
drawing,Fry (701-800)
ears,Fry (701-800)
east,Fry (701-800)
else,Fry (701-800)
engine,Fry (701-800)
England,Fry (701-800)
equal,Fry (701-800)
experiment,Fry (701-800)
express,Fry (701-800)
feeling,Fry (701-800)
fell,Fry (701-800)
flow,Fry (701-800)
foot,Fry (701-800)
garden,Fry (701-800)
gas,Fry (701-800)
glass,Fry (701-800)
God,Fry (701-800)
grew,Fry (701-800)
history,Fry (701-800)
human,Fry (701-800)
hunting,Fry (701-800)
increase,Fry (701-800)
information,Fry (701-800)
itself,Fry (701-800)
joined,Fry (701-800)
key,Fry (701-800)
lady,Fry (701-800)
law,Fry (701-800)
least,Fry (701-800)
lost,Fry (701-800)
maybe,Fry (701-800)
mouth,Fry (701-800)
party,Fry (701-800)
pay,Fry (701-800)
period,Fry (701-800)
plains,Fry (701-800)
please,Fry (701-800)
practice,Fry (701-800)
president,Fry (701-800)
received,Fry (701-800)
report,Fry (701-800)
ring,Fry (701-800)
rise,Fry (701-800)
row,Fry (701-800)
save,Fry (701-800)
seeds,Fry (701-800)
sent,Fry (701-800)
separate,Fry (701-800)
serve,Fry (701-800)
shouted,Fry (701-800)
single,Fry (701-800)
skin,Fry (701-800)
statement,Fry (701-800)
stick,Fry (701-800)
straight,Fry (701-800)
strange,Fry (701-800)
students,Fry (701-800)
suppose,Fry (701-800)
symbols,Fry (701-800)
team,Fry (701-800)
touch,Fry (701-800)
trouble,Fry (701-800)
uncle,Fry (701-800)
valley,Fry (701-800)
visit,Fry (701-800)
wear,Fry (701-800)
whose,Fry (701-800)
wire,Fry (701-800)
woman,Fry (701-800)
wrote,Fry (701-800)
yard,Fry (701-800)
you’re,Fry (701-800)
yourself,Fry (701-800)
addition,Fry (801-900)
army,Fry (801-900)
bell,Fry (801-900)
belong,Fry (801-900)
block,Fry (801-900)
blood,Fry (801-900)
blow,Fry (801-900)
board,Fry (801-900)
bones,Fry (801-900)
branches,Fry (801-900)
cattle,Fry (801-900)
chief,Fry (801-900)
compare,Fry (801-900)
compound,Fry (801-900)
consider,Fry (801-900)
cook,Fry (801-900)
corner,Fry (801-900)
crops,Fry (801-900)
crowd,Fry (801-900)
current,Fry (801-900)
doctor,Fry (801-900)
dollars,Fry (801-900)
eight,Fry (801-900)
electric,Fry (801-900)
elements,Fry (801-900)
enjoy,Fry (801-900)
entered,Fry (801-900)
except,Fry (801-900)
exciting,Fry (801-900)
expect,Fry (801-900)
famous,Fry (801-900)
fit,Fry (801-900)
flat,Fry (801-900)
fruit,Fry (801-900)
fun,Fry (801-900)
guess,Fry (801-900)
hat,Fry (801-900)
hit,Fry (801-900)
indicate,Fry (801-900)
industry,Fry (801-900)
insects,Fry (801-900)
interesting,Fry (801-900)
Japanese,Fry (801-900)
lie,Fry (801-900)
lifted,Fry (801-900)
loud,Fry (801-900)
major,Fry (801-900)
mall,Fry (801-900)
meat,Fry (801-900)
mine,Fry (801-900)
modern,Fry (801-900)
movement,Fry (801-900)
necessary,Fry (801-900)
observe,Fry (801-900)
park,Fry (801-900)
particular,Fry (801-900)
planets,Fry (801-900)
poem,Fry (801-900)
pole,Fry (801-900)
position,Fry (801-900)
process,Fry (801-900)
property,Fry (801-900)
provide,Fry (801-900)
rather,Fry (801-900)
rhythm,Fry (801-900)
rich,Fry (801-900)
safe,Fry (801-900)
sand,Fry (801-900)
science,Fry (801-900)
sell,Fry (801-900)
send,Fry (801-900)
sense,Fry (801-900)
seven,Fry (801-900)
sharp,Fry (801-900)
shoulder,Fry (801-900)
sight,Fry (801-900)
silent,Fry (801-900)
soldiers,Fry (801-900)
spot,Fry (801-900)
spread,Fry (801-900)
stream,Fry (801-900)
string,Fry (801-900)
suggested,Fry (801-900)
supply,Fry (801-900)
swim,Fry (801-900)
terms,Fry (801-900)
thick,Fry (801-900)
thin,Fry (801-900)
thus,Fry (801-900)
tied,Fry (801-900)
tone,Fry (801-900)
trade,Fry (801-900)
tube,Fry (801-900)
value,Fry (801-900)
wash,Fry (801-900)
wasn’t,Fry (801-900)
weight,Fry (801-900)
wife,Fry (801-900)
wings,Fry (801-900)
won’t,Fry (801-900)
action,Fry (901-1000)
actually,Fry (901-1000)
adjective,Fry (901-1000)
afraid,Fry (901-1000)
agreed,Fry (901-1000)
ahead,Fry (901-1000)
allow,Fry (901-1000)
apple,Fry (901-1000)
arrived,Fry (901-1000)
born,Fry (901-1000)
bought,Fry (901-1000)
British,Fry (901-1000)
capital,Fry (901-1000)
chance,Fry (901-1000)
chart,Fry (901-1000)
church,Fry (901-1000)
column,Fry (901-1000)
company,Fry (901-1000)
conditions,Fry (901-1000)
corn,Fry (901-1000)
cotton,Fry (901-1000)
cows,Fry (901-1000)
create,Fry (901-1000)
dead,Fry (901-1000)
deal,Fry (901-1000)
death,Fry (901-1000)
details,Fry (901-1000)
determine,Fry (901-1000)
difficult,Fry (901-1000)
division,Fry (901-1000)
doesn’t,Fry (901-1000)
effect,Fry (901-1000)
entire,Fry (901-1000)
especially,Fry (901-1000)
evening,Fry (901-1000)
experience,Fry (901-1000)
factories,Fry (901-1000)
fair,Fry (901-1000)
fear,Fry (901-1000)
fig,Fry (901-1000)
forward,Fry (901-1000)
France,Fry (901-1000)
fresh,Fry (901-1000)
Greek,Fry (901-1000)
gun,Fry (901-1000)
hoe,Fry (901-1000)
huge,Fry (901-1000)
isn’t,Fry (901-1000)
led,Fry (901-1000)
level,Fry (901-1000)
located,Fry (901-1000)
march,Fry (901-1000)
match,Fry (901-1000)
molecules,Fry (901-1000)
northern,Fry (901-1000)
nose,Fry (901-1000)
office,Fry (901-1000)
opposite,Fry (901-1000)
oxygen,Fry (901-1000)
plural,Fry (901-1000)
prepared,Fry (901-1000)
pretty,Fry (901-1000)
printed,Fry (901-1000)
radio,Fry (901-1000)
repeated,Fry (901-1000)
rope,Fry (901-1000)
rose,Fry (901-1000)
score,Fry (901-1000)
seat,Fry (901-1000)
settled,Fry (901-1000)
shoes,Fry (901-1000)
shop,Fry (901-1000)
similar,Fry (901-1000)
sir,Fry (901-1000)
sister,Fry (901-1000)
smell,Fry (901-1000)
solution,Fry (901-1000)
southern,Fry (901-1000)
steel,Fry (901-1000)
stretched,Fry (901-1000)
substances,Fry (901-1000)
suffix,Fry (901-1000)
sugar,Fry (901-1000)
tools,Fry (901-1000)
total,Fry (901-1000)
track,Fry (901-1000)
triangle,Fry (901-1000)
truck,Fry (901-1000)
underline,Fry (901-1000)
various,Fry (901-1000)
view,Fry (901-1000)
Washington,Fry (901-1000)
we’ll,Fry (901-1000)
western,Fry (901-1000)
win,Fry (901-1000)
women,Fry (901-1000)
workers,Fry (901-1000)
wouldn’t,Fry (901-1000)
wrong,Fry (901-1000)
yellow,Fry (901-1000)
